"","seed","ModelType","SelectorType","N","K","CovCorrVal","NBins","TestProportion","SelectorN","InitialN","reg","theta","RashomonModelNumLimit","LabelName","JobName","Output"
"1",1,"Linear","Random",500,3,0,4,0.2,1,10,0.1,2,0,"Y","Sim_1_Linear_Random_500_3_0_4_0.2_1_10_0.1_2_0_Y","Results/SimulationRaw/1_Linear_Random_500_3_0_4_0.2_1_10_0.1_2_0_.RData"
"2",2,"Linear","Random",500,3,0,4,0.2,1,10,0.1,2,0,"Y","Sim_2_Linear_Random_500_3_0_4_0.2_1_10_0.1_2_0_Y","Results/SimulationRaw/2_Linear_Random_500_3_0_4_0.2_1_10_0.1_2_0_.RData"
"3",3,"Linear","Random",500,3,0,4,0.2,1,10,0.1,2,0,"Y","Sim_3_Linear_Random_500_3_0_4_0.2_1_10_0.1_2_0_Y","Results/SimulationRaw/3_Linear_Random_500_3_0_4_0.2_1_10_0.1_2_0_.RData"
"4",4,"Linear","Random",500,3,0,4,0.2,1,10,0.1,2,0,"Y","Sim_4_Linear_Random_500_3_0_4_0.2_1_10_0.1_2_0_Y","Results/SimulationRaw/4_Linear_Random_500_3_0_4_0.2_1_10_0.1_2_0_.RData"
"5",5,"Linear","Random",500,3,0,4,0.2,1,10,0.1,2,0,"Y","Sim_5_Linear_Random_500_3_0_4_0.2_1_10_0.1_2_0_Y","Results/SimulationRaw/5_Linear_Random_500_3_0_4_0.2_1_10_0.1_2_0_.RData"
"6",6,"Linear","Random",500,3,0,4,0.2,1,10,0.1,2,0,"Y","Sim_6_Linear_Random_500_3_0_4_0.2_1_10_0.1_2_0_Y","Results/SimulationRaw/6_Linear_Random_500_3_0_4_0.2_1_10_0.1_2_0_.RData"
"7",7,"Linear","Random",500,3,0,4,0.2,1,10,0.1,2,0,"Y","Sim_7_Linear_Random_500_3_0_4_0.2_1_10_0.1_2_0_Y","Results/SimulationRaw/7_Linear_Random_500_3_0_4_0.2_1_10_0.1_2_0_.RData"
"8",8,"Linear","Random",500,3,0,4,0.2,1,10,0.1,2,0,"Y","Sim_8_Linear_Random_500_3_0_4_0.2_1_10_0.1_2_0_Y","Results/SimulationRaw/8_Linear_Random_500_3_0_4_0.2_1_10_0.1_2_0_.RData"
"9",9,"Linear","Random",500,3,0,4,0.2,1,10,0.1,2,0,"Y","Sim_9_Linear_Random_500_3_0_4_0.2_1_10_0.1_2_0_Y","Results/SimulationRaw/9_Linear_Random_500_3_0_4_0.2_1_10_0.1_2_0_.RData"
"10",10,"Linear","Random",500,3,0,4,0.2,1,10,0.1,2,0,"Y","Sim_10_Linear_Random_500_3_0_4_0.2_1_10_0.1_2_0_Y","Results/SimulationRaw/10_Linear_Random_500_3_0_4_0.2_1_10_0.1_2_0_.RData"
"11",11,"Linear","Random",500,3,0,4,0.2,1,10,0.1,2,0,"Y","Sim_11_Linear_Random_500_3_0_4_0.2_1_10_0.1_2_0_Y","Results/SimulationRaw/11_Linear_Random_500_3_0_4_0.2_1_10_0.1_2_0_.RData"
"12",12,"Linear","Random",500,3,0,4,0.2,1,10,0.1,2,0,"Y","Sim_12_Linear_Random_500_3_0_4_0.2_1_10_0.1_2_0_Y","Results/SimulationRaw/12_Linear_Random_500_3_0_4_0.2_1_10_0.1_2_0_.RData"
"13",13,"Linear","Random",500,3,0,4,0.2,1,10,0.1,2,0,"Y","Sim_13_Linear_Random_500_3_0_4_0.2_1_10_0.1_2_0_Y","Results/SimulationRaw/13_Linear_Random_500_3_0_4_0.2_1_10_0.1_2_0_.RData"
"14",14,"Linear","Random",500,3,0,4,0.2,1,10,0.1,2,0,"Y","Sim_14_Linear_Random_500_3_0_4_0.2_1_10_0.1_2_0_Y","Results/SimulationRaw/14_Linear_Random_500_3_0_4_0.2_1_10_0.1_2_0_.RData"
"15",15,"Linear","Random",500,3,0,4,0.2,1,10,0.1,2,0,"Y","Sim_15_Linear_Random_500_3_0_4_0.2_1_10_0.1_2_0_Y","Results/SimulationRaw/15_Linear_Random_500_3_0_4_0.2_1_10_0.1_2_0_.RData"
"16",16,"Linear","Random",500,3,0,4,0.2,1,10,0.1,2,0,"Y","Sim_16_Linear_Random_500_3_0_4_0.2_1_10_0.1_2_0_Y","Results/SimulationRaw/16_Linear_Random_500_3_0_4_0.2_1_10_0.1_2_0_.RData"
"17",17,"Linear","Random",500,3,0,4,0.2,1,10,0.1,2,0,"Y","Sim_17_Linear_Random_500_3_0_4_0.2_1_10_0.1_2_0_Y","Results/SimulationRaw/17_Linear_Random_500_3_0_4_0.2_1_10_0.1_2_0_.RData"
"18",18,"Linear","Random",500,3,0,4,0.2,1,10,0.1,2,0,"Y","Sim_18_Linear_Random_500_3_0_4_0.2_1_10_0.1_2_0_Y","Results/SimulationRaw/18_Linear_Random_500_3_0_4_0.2_1_10_0.1_2_0_.RData"
"19",19,"Linear","Random",500,3,0,4,0.2,1,10,0.1,2,0,"Y","Sim_19_Linear_Random_500_3_0_4_0.2_1_10_0.1_2_0_Y","Results/SimulationRaw/19_Linear_Random_500_3_0_4_0.2_1_10_0.1_2_0_.RData"
"20",20,"Linear","Random",500,3,0,4,0.2,1,10,0.1,2,0,"Y","Sim_20_Linear_Random_500_3_0_4_0.2_1_10_0.1_2_0_Y","Results/SimulationRaw/20_Linear_Random_500_3_0_4_0.2_1_10_0.1_2_0_.RData"
"21",21,"Linear","Random",500,3,0,4,0.2,1,10,0.1,2,0,"Y","Sim_21_Linear_Random_500_3_0_4_0.2_1_10_0.1_2_0_Y","Results/SimulationRaw/21_Linear_Random_500_3_0_4_0.2_1_10_0.1_2_0_.RData"
"22",22,"Linear","Random",500,3,0,4,0.2,1,10,0.1,2,0,"Y","Sim_22_Linear_Random_500_3_0_4_0.2_1_10_0.1_2_0_Y","Results/SimulationRaw/22_Linear_Random_500_3_0_4_0.2_1_10_0.1_2_0_.RData"
"23",23,"Linear","Random",500,3,0,4,0.2,1,10,0.1,2,0,"Y","Sim_23_Linear_Random_500_3_0_4_0.2_1_10_0.1_2_0_Y","Results/SimulationRaw/23_Linear_Random_500_3_0_4_0.2_1_10_0.1_2_0_.RData"
"24",24,"Linear","Random",500,3,0,4,0.2,1,10,0.1,2,0,"Y","Sim_24_Linear_Random_500_3_0_4_0.2_1_10_0.1_2_0_Y","Results/SimulationRaw/24_Linear_Random_500_3_0_4_0.2_1_10_0.1_2_0_.RData"
"25",25,"Linear","Random",500,3,0,4,0.2,1,10,0.1,2,0,"Y","Sim_25_Linear_Random_500_3_0_4_0.2_1_10_0.1_2_0_Y","Results/SimulationRaw/25_Linear_Random_500_3_0_4_0.2_1_10_0.1_2_0_.RData"
"26",26,"Linear","Random",500,3,0,4,0.2,1,10,0.1,2,0,"Y","Sim_26_Linear_Random_500_3_0_4_0.2_1_10_0.1_2_0_Y","Results/SimulationRaw/26_Linear_Random_500_3_0_4_0.2_1_10_0.1_2_0_.RData"
"27",27,"Linear","Random",500,3,0,4,0.2,1,10,0.1,2,0,"Y","Sim_27_Linear_Random_500_3_0_4_0.2_1_10_0.1_2_0_Y","Results/SimulationRaw/27_Linear_Random_500_3_0_4_0.2_1_10_0.1_2_0_.RData"
"28",28,"Linear","Random",500,3,0,4,0.2,1,10,0.1,2,0,"Y","Sim_28_Linear_Random_500_3_0_4_0.2_1_10_0.1_2_0_Y","Results/SimulationRaw/28_Linear_Random_500_3_0_4_0.2_1_10_0.1_2_0_.RData"
"29",29,"Linear","Random",500,3,0,4,0.2,1,10,0.1,2,0,"Y","Sim_29_Linear_Random_500_3_0_4_0.2_1_10_0.1_2_0_Y","Results/SimulationRaw/29_Linear_Random_500_3_0_4_0.2_1_10_0.1_2_0_.RData"
"30",30,"Linear","Random",500,3,0,4,0.2,1,10,0.1,2,0,"Y","Sim_30_Linear_Random_500_3_0_4_0.2_1_10_0.1_2_0_Y","Results/SimulationRaw/30_Linear_Random_500_3_0_4_0.2_1_10_0.1_2_0_.RData"
"31",31,"Linear","Random",500,3,0,4,0.2,1,10,0.1,2,0,"Y","Sim_31_Linear_Random_500_3_0_4_0.2_1_10_0.1_2_0_Y","Results/SimulationRaw/31_Linear_Random_500_3_0_4_0.2_1_10_0.1_2_0_.RData"
"32",32,"Linear","Random",500,3,0,4,0.2,1,10,0.1,2,0,"Y","Sim_32_Linear_Random_500_3_0_4_0.2_1_10_0.1_2_0_Y","Results/SimulationRaw/32_Linear_Random_500_3_0_4_0.2_1_10_0.1_2_0_.RData"
"33",33,"Linear","Random",500,3,0,4,0.2,1,10,0.1,2,0,"Y","Sim_33_Linear_Random_500_3_0_4_0.2_1_10_0.1_2_0_Y","Results/SimulationRaw/33_Linear_Random_500_3_0_4_0.2_1_10_0.1_2_0_.RData"
"34",34,"Linear","Random",500,3,0,4,0.2,1,10,0.1,2,0,"Y","Sim_34_Linear_Random_500_3_0_4_0.2_1_10_0.1_2_0_Y","Results/SimulationRaw/34_Linear_Random_500_3_0_4_0.2_1_10_0.1_2_0_.RData"
"35",35,"Linear","Random",500,3,0,4,0.2,1,10,0.1,2,0,"Y","Sim_35_Linear_Random_500_3_0_4_0.2_1_10_0.1_2_0_Y","Results/SimulationRaw/35_Linear_Random_500_3_0_4_0.2_1_10_0.1_2_0_.RData"
"36",36,"Linear","Random",500,3,0,4,0.2,1,10,0.1,2,0,"Y","Sim_36_Linear_Random_500_3_0_4_0.2_1_10_0.1_2_0_Y","Results/SimulationRaw/36_Linear_Random_500_3_0_4_0.2_1_10_0.1_2_0_.RData"
"37",37,"Linear","Random",500,3,0,4,0.2,1,10,0.1,2,0,"Y","Sim_37_Linear_Random_500_3_0_4_0.2_1_10_0.1_2_0_Y","Results/SimulationRaw/37_Linear_Random_500_3_0_4_0.2_1_10_0.1_2_0_.RData"
"38",38,"Linear","Random",500,3,0,4,0.2,1,10,0.1,2,0,"Y","Sim_38_Linear_Random_500_3_0_4_0.2_1_10_0.1_2_0_Y","Results/SimulationRaw/38_Linear_Random_500_3_0_4_0.2_1_10_0.1_2_0_.RData"
"39",39,"Linear","Random",500,3,0,4,0.2,1,10,0.1,2,0,"Y","Sim_39_Linear_Random_500_3_0_4_0.2_1_10_0.1_2_0_Y","Results/SimulationRaw/39_Linear_Random_500_3_0_4_0.2_1_10_0.1_2_0_.RData"
"40",40,"Linear","Random",500,3,0,4,0.2,1,10,0.1,2,0,"Y","Sim_40_Linear_Random_500_3_0_4_0.2_1_10_0.1_2_0_Y","Results/SimulationRaw/40_Linear_Random_500_3_0_4_0.2_1_10_0.1_2_0_.RData"
"41",41,"Linear","Random",500,3,0,4,0.2,1,10,0.1,2,0,"Y","Sim_41_Linear_Random_500_3_0_4_0.2_1_10_0.1_2_0_Y","Results/SimulationRaw/41_Linear_Random_500_3_0_4_0.2_1_10_0.1_2_0_.RData"
"42",42,"Linear","Random",500,3,0,4,0.2,1,10,0.1,2,0,"Y","Sim_42_Linear_Random_500_3_0_4_0.2_1_10_0.1_2_0_Y","Results/SimulationRaw/42_Linear_Random_500_3_0_4_0.2_1_10_0.1_2_0_.RData"
"43",43,"Linear","Random",500,3,0,4,0.2,1,10,0.1,2,0,"Y","Sim_43_Linear_Random_500_3_0_4_0.2_1_10_0.1_2_0_Y","Results/SimulationRaw/43_Linear_Random_500_3_0_4_0.2_1_10_0.1_2_0_.RData"
"44",44,"Linear","Random",500,3,0,4,0.2,1,10,0.1,2,0,"Y","Sim_44_Linear_Random_500_3_0_4_0.2_1_10_0.1_2_0_Y","Results/SimulationRaw/44_Linear_Random_500_3_0_4_0.2_1_10_0.1_2_0_.RData"
"45",45,"Linear","Random",500,3,0,4,0.2,1,10,0.1,2,0,"Y","Sim_45_Linear_Random_500_3_0_4_0.2_1_10_0.1_2_0_Y","Results/SimulationRaw/45_Linear_Random_500_3_0_4_0.2_1_10_0.1_2_0_.RData"
"46",46,"Linear","Random",500,3,0,4,0.2,1,10,0.1,2,0,"Y","Sim_46_Linear_Random_500_3_0_4_0.2_1_10_0.1_2_0_Y","Results/SimulationRaw/46_Linear_Random_500_3_0_4_0.2_1_10_0.1_2_0_.RData"
"47",47,"Linear","Random",500,3,0,4,0.2,1,10,0.1,2,0,"Y","Sim_47_Linear_Random_500_3_0_4_0.2_1_10_0.1_2_0_Y","Results/SimulationRaw/47_Linear_Random_500_3_0_4_0.2_1_10_0.1_2_0_.RData"
"48",48,"Linear","Random",500,3,0,4,0.2,1,10,0.1,2,0,"Y","Sim_48_Linear_Random_500_3_0_4_0.2_1_10_0.1_2_0_Y","Results/SimulationRaw/48_Linear_Random_500_3_0_4_0.2_1_10_0.1_2_0_.RData"
"49",49,"Linear","Random",500,3,0,4,0.2,1,10,0.1,2,0,"Y","Sim_49_Linear_Random_500_3_0_4_0.2_1_10_0.1_2_0_Y","Results/SimulationRaw/49_Linear_Random_500_3_0_4_0.2_1_10_0.1_2_0_.RData"
"50",50,"Linear","Random",500,3,0,4,0.2,1,10,0.1,2,0,"Y","Sim_50_Linear_Random_500_3_0_4_0.2_1_10_0.1_2_0_Y","Results/SimulationRaw/50_Linear_Random_500_3_0_4_0.2_1_10_0.1_2_0_.RData"
"51",1,"Linear","BreakingTies",500,3,0,4,0.2,1,10,0.1,2,0,"Y","Sim_1_Linear_BreakingTies_500_3_0_4_0.2_1_10_0.1_2_0_Y","Results/SimulationRaw/1_Linear_BreakingTies_500_3_0_4_0.2_1_10_0.1_2_0_.RData"
"52",2,"Linear","BreakingTies",500,3,0,4,0.2,1,10,0.1,2,0,"Y","Sim_2_Linear_BreakingTies_500_3_0_4_0.2_1_10_0.1_2_0_Y","Results/SimulationRaw/2_Linear_BreakingTies_500_3_0_4_0.2_1_10_0.1_2_0_.RData"
"53",3,"Linear","BreakingTies",500,3,0,4,0.2,1,10,0.1,2,0,"Y","Sim_3_Linear_BreakingTies_500_3_0_4_0.2_1_10_0.1_2_0_Y","Results/SimulationRaw/3_Linear_BreakingTies_500_3_0_4_0.2_1_10_0.1_2_0_.RData"
"54",4,"Linear","BreakingTies",500,3,0,4,0.2,1,10,0.1,2,0,"Y","Sim_4_Linear_BreakingTies_500_3_0_4_0.2_1_10_0.1_2_0_Y","Results/SimulationRaw/4_Linear_BreakingTies_500_3_0_4_0.2_1_10_0.1_2_0_.RData"
"55",5,"Linear","BreakingTies",500,3,0,4,0.2,1,10,0.1,2,0,"Y","Sim_5_Linear_BreakingTies_500_3_0_4_0.2_1_10_0.1_2_0_Y","Results/SimulationRaw/5_Linear_BreakingTies_500_3_0_4_0.2_1_10_0.1_2_0_.RData"
"56",6,"Linear","BreakingTies",500,3,0,4,0.2,1,10,0.1,2,0,"Y","Sim_6_Linear_BreakingTies_500_3_0_4_0.2_1_10_0.1_2_0_Y","Results/SimulationRaw/6_Linear_BreakingTies_500_3_0_4_0.2_1_10_0.1_2_0_.RData"
"57",7,"Linear","BreakingTies",500,3,0,4,0.2,1,10,0.1,2,0,"Y","Sim_7_Linear_BreakingTies_500_3_0_4_0.2_1_10_0.1_2_0_Y","Results/SimulationRaw/7_Linear_BreakingTies_500_3_0_4_0.2_1_10_0.1_2_0_.RData"
"58",8,"Linear","BreakingTies",500,3,0,4,0.2,1,10,0.1,2,0,"Y","Sim_8_Linear_BreakingTies_500_3_0_4_0.2_1_10_0.1_2_0_Y","Results/SimulationRaw/8_Linear_BreakingTies_500_3_0_4_0.2_1_10_0.1_2_0_.RData"
"59",9,"Linear","BreakingTies",500,3,0,4,0.2,1,10,0.1,2,0,"Y","Sim_9_Linear_BreakingTies_500_3_0_4_0.2_1_10_0.1_2_0_Y","Results/SimulationRaw/9_Linear_BreakingTies_500_3_0_4_0.2_1_10_0.1_2_0_.RData"
"60",10,"Linear","BreakingTies",500,3,0,4,0.2,1,10,0.1,2,0,"Y","Sim_10_Linear_BreakingTies_500_3_0_4_0.2_1_10_0.1_2_0_Y","Results/SimulationRaw/10_Linear_BreakingTies_500_3_0_4_0.2_1_10_0.1_2_0_.RData"
"61",11,"Linear","BreakingTies",500,3,0,4,0.2,1,10,0.1,2,0,"Y","Sim_11_Linear_BreakingTies_500_3_0_4_0.2_1_10_0.1_2_0_Y","Results/SimulationRaw/11_Linear_BreakingTies_500_3_0_4_0.2_1_10_0.1_2_0_.RData"
"62",12,"Linear","BreakingTies",500,3,0,4,0.2,1,10,0.1,2,0,"Y","Sim_12_Linear_BreakingTies_500_3_0_4_0.2_1_10_0.1_2_0_Y","Results/SimulationRaw/12_Linear_BreakingTies_500_3_0_4_0.2_1_10_0.1_2_0_.RData"
"63",13,"Linear","BreakingTies",500,3,0,4,0.2,1,10,0.1,2,0,"Y","Sim_13_Linear_BreakingTies_500_3_0_4_0.2_1_10_0.1_2_0_Y","Results/SimulationRaw/13_Linear_BreakingTies_500_3_0_4_0.2_1_10_0.1_2_0_.RData"
"64",14,"Linear","BreakingTies",500,3,0,4,0.2,1,10,0.1,2,0,"Y","Sim_14_Linear_BreakingTies_500_3_0_4_0.2_1_10_0.1_2_0_Y","Results/SimulationRaw/14_Linear_BreakingTies_500_3_0_4_0.2_1_10_0.1_2_0_.RData"
"65",15,"Linear","BreakingTies",500,3,0,4,0.2,1,10,0.1,2,0,"Y","Sim_15_Linear_BreakingTies_500_3_0_4_0.2_1_10_0.1_2_0_Y","Results/SimulationRaw/15_Linear_BreakingTies_500_3_0_4_0.2_1_10_0.1_2_0_.RData"
"66",16,"Linear","BreakingTies",500,3,0,4,0.2,1,10,0.1,2,0,"Y","Sim_16_Linear_BreakingTies_500_3_0_4_0.2_1_10_0.1_2_0_Y","Results/SimulationRaw/16_Linear_BreakingTies_500_3_0_4_0.2_1_10_0.1_2_0_.RData"
"67",17,"Linear","BreakingTies",500,3,0,4,0.2,1,10,0.1,2,0,"Y","Sim_17_Linear_BreakingTies_500_3_0_4_0.2_1_10_0.1_2_0_Y","Results/SimulationRaw/17_Linear_BreakingTies_500_3_0_4_0.2_1_10_0.1_2_0_.RData"
"68",18,"Linear","BreakingTies",500,3,0,4,0.2,1,10,0.1,2,0,"Y","Sim_18_Linear_BreakingTies_500_3_0_4_0.2_1_10_0.1_2_0_Y","Results/SimulationRaw/18_Linear_BreakingTies_500_3_0_4_0.2_1_10_0.1_2_0_.RData"
"69",19,"Linear","BreakingTies",500,3,0,4,0.2,1,10,0.1,2,0,"Y","Sim_19_Linear_BreakingTies_500_3_0_4_0.2_1_10_0.1_2_0_Y","Results/SimulationRaw/19_Linear_BreakingTies_500_3_0_4_0.2_1_10_0.1_2_0_.RData"
"70",20,"Linear","BreakingTies",500,3,0,4,0.2,1,10,0.1,2,0,"Y","Sim_20_Linear_BreakingTies_500_3_0_4_0.2_1_10_0.1_2_0_Y","Results/SimulationRaw/20_Linear_BreakingTies_500_3_0_4_0.2_1_10_0.1_2_0_.RData"
"71",21,"Linear","BreakingTies",500,3,0,4,0.2,1,10,0.1,2,0,"Y","Sim_21_Linear_BreakingTies_500_3_0_4_0.2_1_10_0.1_2_0_Y","Results/SimulationRaw/21_Linear_BreakingTies_500_3_0_4_0.2_1_10_0.1_2_0_.RData"
"72",22,"Linear","BreakingTies",500,3,0,4,0.2,1,10,0.1,2,0,"Y","Sim_22_Linear_BreakingTies_500_3_0_4_0.2_1_10_0.1_2_0_Y","Results/SimulationRaw/22_Linear_BreakingTies_500_3_0_4_0.2_1_10_0.1_2_0_.RData"
"73",23,"Linear","BreakingTies",500,3,0,4,0.2,1,10,0.1,2,0,"Y","Sim_23_Linear_BreakingTies_500_3_0_4_0.2_1_10_0.1_2_0_Y","Results/SimulationRaw/23_Linear_BreakingTies_500_3_0_4_0.2_1_10_0.1_2_0_.RData"
"74",24,"Linear","BreakingTies",500,3,0,4,0.2,1,10,0.1,2,0,"Y","Sim_24_Linear_BreakingTies_500_3_0_4_0.2_1_10_0.1_2_0_Y","Results/SimulationRaw/24_Linear_BreakingTies_500_3_0_4_0.2_1_10_0.1_2_0_.RData"
"75",25,"Linear","BreakingTies",500,3,0,4,0.2,1,10,0.1,2,0,"Y","Sim_25_Linear_BreakingTies_500_3_0_4_0.2_1_10_0.1_2_0_Y","Results/SimulationRaw/25_Linear_BreakingTies_500_3_0_4_0.2_1_10_0.1_2_0_.RData"
"76",26,"Linear","BreakingTies",500,3,0,4,0.2,1,10,0.1,2,0,"Y","Sim_26_Linear_BreakingTies_500_3_0_4_0.2_1_10_0.1_2_0_Y","Results/SimulationRaw/26_Linear_BreakingTies_500_3_0_4_0.2_1_10_0.1_2_0_.RData"
"77",27,"Linear","BreakingTies",500,3,0,4,0.2,1,10,0.1,2,0,"Y","Sim_27_Linear_BreakingTies_500_3_0_4_0.2_1_10_0.1_2_0_Y","Results/SimulationRaw/27_Linear_BreakingTies_500_3_0_4_0.2_1_10_0.1_2_0_.RData"
"78",28,"Linear","BreakingTies",500,3,0,4,0.2,1,10,0.1,2,0,"Y","Sim_28_Linear_BreakingTies_500_3_0_4_0.2_1_10_0.1_2_0_Y","Results/SimulationRaw/28_Linear_BreakingTies_500_3_0_4_0.2_1_10_0.1_2_0_.RData"
"79",29,"Linear","BreakingTies",500,3,0,4,0.2,1,10,0.1,2,0,"Y","Sim_29_Linear_BreakingTies_500_3_0_4_0.2_1_10_0.1_2_0_Y","Results/SimulationRaw/29_Linear_BreakingTies_500_3_0_4_0.2_1_10_0.1_2_0_.RData"
"80",30,"Linear","BreakingTies",500,3,0,4,0.2,1,10,0.1,2,0,"Y","Sim_30_Linear_BreakingTies_500_3_0_4_0.2_1_10_0.1_2_0_Y","Results/SimulationRaw/30_Linear_BreakingTies_500_3_0_4_0.2_1_10_0.1_2_0_.RData"
"81",31,"Linear","BreakingTies",500,3,0,4,0.2,1,10,0.1,2,0,"Y","Sim_31_Linear_BreakingTies_500_3_0_4_0.2_1_10_0.1_2_0_Y","Results/SimulationRaw/31_Linear_BreakingTies_500_3_0_4_0.2_1_10_0.1_2_0_.RData"
"82",32,"Linear","BreakingTies",500,3,0,4,0.2,1,10,0.1,2,0,"Y","Sim_32_Linear_BreakingTies_500_3_0_4_0.2_1_10_0.1_2_0_Y","Results/SimulationRaw/32_Linear_BreakingTies_500_3_0_4_0.2_1_10_0.1_2_0_.RData"
"83",33,"Linear","BreakingTies",500,3,0,4,0.2,1,10,0.1,2,0,"Y","Sim_33_Linear_BreakingTies_500_3_0_4_0.2_1_10_0.1_2_0_Y","Results/SimulationRaw/33_Linear_BreakingTies_500_3_0_4_0.2_1_10_0.1_2_0_.RData"
"84",34,"Linear","BreakingTies",500,3,0,4,0.2,1,10,0.1,2,0,"Y","Sim_34_Linear_BreakingTies_500_3_0_4_0.2_1_10_0.1_2_0_Y","Results/SimulationRaw/34_Linear_BreakingTies_500_3_0_4_0.2_1_10_0.1_2_0_.RData"
"85",35,"Linear","BreakingTies",500,3,0,4,0.2,1,10,0.1,2,0,"Y","Sim_35_Linear_BreakingTies_500_3_0_4_0.2_1_10_0.1_2_0_Y","Results/SimulationRaw/35_Linear_BreakingTies_500_3_0_4_0.2_1_10_0.1_2_0_.RData"
"86",36,"Linear","BreakingTies",500,3,0,4,0.2,1,10,0.1,2,0,"Y","Sim_36_Linear_BreakingTies_500_3_0_4_0.2_1_10_0.1_2_0_Y","Results/SimulationRaw/36_Linear_BreakingTies_500_3_0_4_0.2_1_10_0.1_2_0_.RData"
"87",37,"Linear","BreakingTies",500,3,0,4,0.2,1,10,0.1,2,0,"Y","Sim_37_Linear_BreakingTies_500_3_0_4_0.2_1_10_0.1_2_0_Y","Results/SimulationRaw/37_Linear_BreakingTies_500_3_0_4_0.2_1_10_0.1_2_0_.RData"
"88",38,"Linear","BreakingTies",500,3,0,4,0.2,1,10,0.1,2,0,"Y","Sim_38_Linear_BreakingTies_500_3_0_4_0.2_1_10_0.1_2_0_Y","Results/SimulationRaw/38_Linear_BreakingTies_500_3_0_4_0.2_1_10_0.1_2_0_.RData"
"89",39,"Linear","BreakingTies",500,3,0,4,0.2,1,10,0.1,2,0,"Y","Sim_39_Linear_BreakingTies_500_3_0_4_0.2_1_10_0.1_2_0_Y","Results/SimulationRaw/39_Linear_BreakingTies_500_3_0_4_0.2_1_10_0.1_2_0_.RData"
"90",40,"Linear","BreakingTies",500,3,0,4,0.2,1,10,0.1,2,0,"Y","Sim_40_Linear_BreakingTies_500_3_0_4_0.2_1_10_0.1_2_0_Y","Results/SimulationRaw/40_Linear_BreakingTies_500_3_0_4_0.2_1_10_0.1_2_0_.RData"
"91",41,"Linear","BreakingTies",500,3,0,4,0.2,1,10,0.1,2,0,"Y","Sim_41_Linear_BreakingTies_500_3_0_4_0.2_1_10_0.1_2_0_Y","Results/SimulationRaw/41_Linear_BreakingTies_500_3_0_4_0.2_1_10_0.1_2_0_.RData"
"92",42,"Linear","BreakingTies",500,3,0,4,0.2,1,10,0.1,2,0,"Y","Sim_42_Linear_BreakingTies_500_3_0_4_0.2_1_10_0.1_2_0_Y","Results/SimulationRaw/42_Linear_BreakingTies_500_3_0_4_0.2_1_10_0.1_2_0_.RData"
"93",43,"Linear","BreakingTies",500,3,0,4,0.2,1,10,0.1,2,0,"Y","Sim_43_Linear_BreakingTies_500_3_0_4_0.2_1_10_0.1_2_0_Y","Results/SimulationRaw/43_Linear_BreakingTies_500_3_0_4_0.2_1_10_0.1_2_0_.RData"
"94",44,"Linear","BreakingTies",500,3,0,4,0.2,1,10,0.1,2,0,"Y","Sim_44_Linear_BreakingTies_500_3_0_4_0.2_1_10_0.1_2_0_Y","Results/SimulationRaw/44_Linear_BreakingTies_500_3_0_4_0.2_1_10_0.1_2_0_.RData"
"95",45,"Linear","BreakingTies",500,3,0,4,0.2,1,10,0.1,2,0,"Y","Sim_45_Linear_BreakingTies_500_3_0_4_0.2_1_10_0.1_2_0_Y","Results/SimulationRaw/45_Linear_BreakingTies_500_3_0_4_0.2_1_10_0.1_2_0_.RData"
"96",46,"Linear","BreakingTies",500,3,0,4,0.2,1,10,0.1,2,0,"Y","Sim_46_Linear_BreakingTies_500_3_0_4_0.2_1_10_0.1_2_0_Y","Results/SimulationRaw/46_Linear_BreakingTies_500_3_0_4_0.2_1_10_0.1_2_0_.RData"
"97",47,"Linear","BreakingTies",500,3,0,4,0.2,1,10,0.1,2,0,"Y","Sim_47_Linear_BreakingTies_500_3_0_4_0.2_1_10_0.1_2_0_Y","Results/SimulationRaw/47_Linear_BreakingTies_500_3_0_4_0.2_1_10_0.1_2_0_.RData"
"98",48,"Linear","BreakingTies",500,3,0,4,0.2,1,10,0.1,2,0,"Y","Sim_48_Linear_BreakingTies_500_3_0_4_0.2_1_10_0.1_2_0_Y","Results/SimulationRaw/48_Linear_BreakingTies_500_3_0_4_0.2_1_10_0.1_2_0_.RData"
"99",49,"Linear","BreakingTies",500,3,0,4,0.2,1,10,0.1,2,0,"Y","Sim_49_Linear_BreakingTies_500_3_0_4_0.2_1_10_0.1_2_0_Y","Results/SimulationRaw/49_Linear_BreakingTies_500_3_0_4_0.2_1_10_0.1_2_0_.RData"
"100",50,"Linear","BreakingTies",500,3,0,4,0.2,1,10,0.1,2,0,"Y","Sim_50_Linear_BreakingTies_500_3_0_4_0.2_1_10_0.1_2_0_Y","Results/SimulationRaw/50_Linear_BreakingTies_500_3_0_4_0.2_1_10_0.1_2_0_.RData"
"101",1,"Linear","Random",500,4,0,4,0.2,1,10,0.1,2,0,"Y","Sim_1_Linear_Random_500_4_0_4_0.2_1_10_0.1_2_0_Y","Results/SimulationRaw/1_Linear_Random_500_4_0_4_0.2_1_10_0.1_2_0_.RData"
"102",2,"Linear","Random",500,4,0,4,0.2,1,10,0.1,2,0,"Y","Sim_2_Linear_Random_500_4_0_4_0.2_1_10_0.1_2_0_Y","Results/SimulationRaw/2_Linear_Random_500_4_0_4_0.2_1_10_0.1_2_0_.RData"
"103",3,"Linear","Random",500,4,0,4,0.2,1,10,0.1,2,0,"Y","Sim_3_Linear_Random_500_4_0_4_0.2_1_10_0.1_2_0_Y","Results/SimulationRaw/3_Linear_Random_500_4_0_4_0.2_1_10_0.1_2_0_.RData"
"104",4,"Linear","Random",500,4,0,4,0.2,1,10,0.1,2,0,"Y","Sim_4_Linear_Random_500_4_0_4_0.2_1_10_0.1_2_0_Y","Results/SimulationRaw/4_Linear_Random_500_4_0_4_0.2_1_10_0.1_2_0_.RData"
"105",5,"Linear","Random",500,4,0,4,0.2,1,10,0.1,2,0,"Y","Sim_5_Linear_Random_500_4_0_4_0.2_1_10_0.1_2_0_Y","Results/SimulationRaw/5_Linear_Random_500_4_0_4_0.2_1_10_0.1_2_0_.RData"
"106",6,"Linear","Random",500,4,0,4,0.2,1,10,0.1,2,0,"Y","Sim_6_Linear_Random_500_4_0_4_0.2_1_10_0.1_2_0_Y","Results/SimulationRaw/6_Linear_Random_500_4_0_4_0.2_1_10_0.1_2_0_.RData"
"107",7,"Linear","Random",500,4,0,4,0.2,1,10,0.1,2,0,"Y","Sim_7_Linear_Random_500_4_0_4_0.2_1_10_0.1_2_0_Y","Results/SimulationRaw/7_Linear_Random_500_4_0_4_0.2_1_10_0.1_2_0_.RData"
"108",8,"Linear","Random",500,4,0,4,0.2,1,10,0.1,2,0,"Y","Sim_8_Linear_Random_500_4_0_4_0.2_1_10_0.1_2_0_Y","Results/SimulationRaw/8_Linear_Random_500_4_0_4_0.2_1_10_0.1_2_0_.RData"
"109",9,"Linear","Random",500,4,0,4,0.2,1,10,0.1,2,0,"Y","Sim_9_Linear_Random_500_4_0_4_0.2_1_10_0.1_2_0_Y","Results/SimulationRaw/9_Linear_Random_500_4_0_4_0.2_1_10_0.1_2_0_.RData"
"110",10,"Linear","Random",500,4,0,4,0.2,1,10,0.1,2,0,"Y","Sim_10_Linear_Random_500_4_0_4_0.2_1_10_0.1_2_0_Y","Results/SimulationRaw/10_Linear_Random_500_4_0_4_0.2_1_10_0.1_2_0_.RData"
"111",11,"Linear","Random",500,4,0,4,0.2,1,10,0.1,2,0,"Y","Sim_11_Linear_Random_500_4_0_4_0.2_1_10_0.1_2_0_Y","Results/SimulationRaw/11_Linear_Random_500_4_0_4_0.2_1_10_0.1_2_0_.RData"
"112",12,"Linear","Random",500,4,0,4,0.2,1,10,0.1,2,0,"Y","Sim_12_Linear_Random_500_4_0_4_0.2_1_10_0.1_2_0_Y","Results/SimulationRaw/12_Linear_Random_500_4_0_4_0.2_1_10_0.1_2_0_.RData"
"113",13,"Linear","Random",500,4,0,4,0.2,1,10,0.1,2,0,"Y","Sim_13_Linear_Random_500_4_0_4_0.2_1_10_0.1_2_0_Y","Results/SimulationRaw/13_Linear_Random_500_4_0_4_0.2_1_10_0.1_2_0_.RData"
"114",14,"Linear","Random",500,4,0,4,0.2,1,10,0.1,2,0,"Y","Sim_14_Linear_Random_500_4_0_4_0.2_1_10_0.1_2_0_Y","Results/SimulationRaw/14_Linear_Random_500_4_0_4_0.2_1_10_0.1_2_0_.RData"
"115",15,"Linear","Random",500,4,0,4,0.2,1,10,0.1,2,0,"Y","Sim_15_Linear_Random_500_4_0_4_0.2_1_10_0.1_2_0_Y","Results/SimulationRaw/15_Linear_Random_500_4_0_4_0.2_1_10_0.1_2_0_.RData"
"116",16,"Linear","Random",500,4,0,4,0.2,1,10,0.1,2,0,"Y","Sim_16_Linear_Random_500_4_0_4_0.2_1_10_0.1_2_0_Y","Results/SimulationRaw/16_Linear_Random_500_4_0_4_0.2_1_10_0.1_2_0_.RData"
"117",17,"Linear","Random",500,4,0,4,0.2,1,10,0.1,2,0,"Y","Sim_17_Linear_Random_500_4_0_4_0.2_1_10_0.1_2_0_Y","Results/SimulationRaw/17_Linear_Random_500_4_0_4_0.2_1_10_0.1_2_0_.RData"
"118",18,"Linear","Random",500,4,0,4,0.2,1,10,0.1,2,0,"Y","Sim_18_Linear_Random_500_4_0_4_0.2_1_10_0.1_2_0_Y","Results/SimulationRaw/18_Linear_Random_500_4_0_4_0.2_1_10_0.1_2_0_.RData"
"119",19,"Linear","Random",500,4,0,4,0.2,1,10,0.1,2,0,"Y","Sim_19_Linear_Random_500_4_0_4_0.2_1_10_0.1_2_0_Y","Results/SimulationRaw/19_Linear_Random_500_4_0_4_0.2_1_10_0.1_2_0_.RData"
"120",20,"Linear","Random",500,4,0,4,0.2,1,10,0.1,2,0,"Y","Sim_20_Linear_Random_500_4_0_4_0.2_1_10_0.1_2_0_Y","Results/SimulationRaw/20_Linear_Random_500_4_0_4_0.2_1_10_0.1_2_0_.RData"
"121",21,"Linear","Random",500,4,0,4,0.2,1,10,0.1,2,0,"Y","Sim_21_Linear_Random_500_4_0_4_0.2_1_10_0.1_2_0_Y","Results/SimulationRaw/21_Linear_Random_500_4_0_4_0.2_1_10_0.1_2_0_.RData"
"122",22,"Linear","Random",500,4,0,4,0.2,1,10,0.1,2,0,"Y","Sim_22_Linear_Random_500_4_0_4_0.2_1_10_0.1_2_0_Y","Results/SimulationRaw/22_Linear_Random_500_4_0_4_0.2_1_10_0.1_2_0_.RData"
"123",23,"Linear","Random",500,4,0,4,0.2,1,10,0.1,2,0,"Y","Sim_23_Linear_Random_500_4_0_4_0.2_1_10_0.1_2_0_Y","Results/SimulationRaw/23_Linear_Random_500_4_0_4_0.2_1_10_0.1_2_0_.RData"
"124",24,"Linear","Random",500,4,0,4,0.2,1,10,0.1,2,0,"Y","Sim_24_Linear_Random_500_4_0_4_0.2_1_10_0.1_2_0_Y","Results/SimulationRaw/24_Linear_Random_500_4_0_4_0.2_1_10_0.1_2_0_.RData"
"125",25,"Linear","Random",500,4,0,4,0.2,1,10,0.1,2,0,"Y","Sim_25_Linear_Random_500_4_0_4_0.2_1_10_0.1_2_0_Y","Results/SimulationRaw/25_Linear_Random_500_4_0_4_0.2_1_10_0.1_2_0_.RData"
"126",26,"Linear","Random",500,4,0,4,0.2,1,10,0.1,2,0,"Y","Sim_26_Linear_Random_500_4_0_4_0.2_1_10_0.1_2_0_Y","Results/SimulationRaw/26_Linear_Random_500_4_0_4_0.2_1_10_0.1_2_0_.RData"
"127",27,"Linear","Random",500,4,0,4,0.2,1,10,0.1,2,0,"Y","Sim_27_Linear_Random_500_4_0_4_0.2_1_10_0.1_2_0_Y","Results/SimulationRaw/27_Linear_Random_500_4_0_4_0.2_1_10_0.1_2_0_.RData"
"128",28,"Linear","Random",500,4,0,4,0.2,1,10,0.1,2,0,"Y","Sim_28_Linear_Random_500_4_0_4_0.2_1_10_0.1_2_0_Y","Results/SimulationRaw/28_Linear_Random_500_4_0_4_0.2_1_10_0.1_2_0_.RData"
"129",29,"Linear","Random",500,4,0,4,0.2,1,10,0.1,2,0,"Y","Sim_29_Linear_Random_500_4_0_4_0.2_1_10_0.1_2_0_Y","Results/SimulationRaw/29_Linear_Random_500_4_0_4_0.2_1_10_0.1_2_0_.RData"
"130",30,"Linear","Random",500,4,0,4,0.2,1,10,0.1,2,0,"Y","Sim_30_Linear_Random_500_4_0_4_0.2_1_10_0.1_2_0_Y","Results/SimulationRaw/30_Linear_Random_500_4_0_4_0.2_1_10_0.1_2_0_.RData"
"131",31,"Linear","Random",500,4,0,4,0.2,1,10,0.1,2,0,"Y","Sim_31_Linear_Random_500_4_0_4_0.2_1_10_0.1_2_0_Y","Results/SimulationRaw/31_Linear_Random_500_4_0_4_0.2_1_10_0.1_2_0_.RData"
"132",32,"Linear","Random",500,4,0,4,0.2,1,10,0.1,2,0,"Y","Sim_32_Linear_Random_500_4_0_4_0.2_1_10_0.1_2_0_Y","Results/SimulationRaw/32_Linear_Random_500_4_0_4_0.2_1_10_0.1_2_0_.RData"
"133",33,"Linear","Random",500,4,0,4,0.2,1,10,0.1,2,0,"Y","Sim_33_Linear_Random_500_4_0_4_0.2_1_10_0.1_2_0_Y","Results/SimulationRaw/33_Linear_Random_500_4_0_4_0.2_1_10_0.1_2_0_.RData"
"134",34,"Linear","Random",500,4,0,4,0.2,1,10,0.1,2,0,"Y","Sim_34_Linear_Random_500_4_0_4_0.2_1_10_0.1_2_0_Y","Results/SimulationRaw/34_Linear_Random_500_4_0_4_0.2_1_10_0.1_2_0_.RData"
"135",35,"Linear","Random",500,4,0,4,0.2,1,10,0.1,2,0,"Y","Sim_35_Linear_Random_500_4_0_4_0.2_1_10_0.1_2_0_Y","Results/SimulationRaw/35_Linear_Random_500_4_0_4_0.2_1_10_0.1_2_0_.RData"
"136",36,"Linear","Random",500,4,0,4,0.2,1,10,0.1,2,0,"Y","Sim_36_Linear_Random_500_4_0_4_0.2_1_10_0.1_2_0_Y","Results/SimulationRaw/36_Linear_Random_500_4_0_4_0.2_1_10_0.1_2_0_.RData"
"137",37,"Linear","Random",500,4,0,4,0.2,1,10,0.1,2,0,"Y","Sim_37_Linear_Random_500_4_0_4_0.2_1_10_0.1_2_0_Y","Results/SimulationRaw/37_Linear_Random_500_4_0_4_0.2_1_10_0.1_2_0_.RData"
"138",38,"Linear","Random",500,4,0,4,0.2,1,10,0.1,2,0,"Y","Sim_38_Linear_Random_500_4_0_4_0.2_1_10_0.1_2_0_Y","Results/SimulationRaw/38_Linear_Random_500_4_0_4_0.2_1_10_0.1_2_0_.RData"
"139",39,"Linear","Random",500,4,0,4,0.2,1,10,0.1,2,0,"Y","Sim_39_Linear_Random_500_4_0_4_0.2_1_10_0.1_2_0_Y","Results/SimulationRaw/39_Linear_Random_500_4_0_4_0.2_1_10_0.1_2_0_.RData"
"140",40,"Linear","Random",500,4,0,4,0.2,1,10,0.1,2,0,"Y","Sim_40_Linear_Random_500_4_0_4_0.2_1_10_0.1_2_0_Y","Results/SimulationRaw/40_Linear_Random_500_4_0_4_0.2_1_10_0.1_2_0_.RData"
"141",41,"Linear","Random",500,4,0,4,0.2,1,10,0.1,2,0,"Y","Sim_41_Linear_Random_500_4_0_4_0.2_1_10_0.1_2_0_Y","Results/SimulationRaw/41_Linear_Random_500_4_0_4_0.2_1_10_0.1_2_0_.RData"
"142",42,"Linear","Random",500,4,0,4,0.2,1,10,0.1,2,0,"Y","Sim_42_Linear_Random_500_4_0_4_0.2_1_10_0.1_2_0_Y","Results/SimulationRaw/42_Linear_Random_500_4_0_4_0.2_1_10_0.1_2_0_.RData"
"143",43,"Linear","Random",500,4,0,4,0.2,1,10,0.1,2,0,"Y","Sim_43_Linear_Random_500_4_0_4_0.2_1_10_0.1_2_0_Y","Results/SimulationRaw/43_Linear_Random_500_4_0_4_0.2_1_10_0.1_2_0_.RData"
"144",44,"Linear","Random",500,4,0,4,0.2,1,10,0.1,2,0,"Y","Sim_44_Linear_Random_500_4_0_4_0.2_1_10_0.1_2_0_Y","Results/SimulationRaw/44_Linear_Random_500_4_0_4_0.2_1_10_0.1_2_0_.RData"
"145",45,"Linear","Random",500,4,0,4,0.2,1,10,0.1,2,0,"Y","Sim_45_Linear_Random_500_4_0_4_0.2_1_10_0.1_2_0_Y","Results/SimulationRaw/45_Linear_Random_500_4_0_4_0.2_1_10_0.1_2_0_.RData"
"146",46,"Linear","Random",500,4,0,4,0.2,1,10,0.1,2,0,"Y","Sim_46_Linear_Random_500_4_0_4_0.2_1_10_0.1_2_0_Y","Results/SimulationRaw/46_Linear_Random_500_4_0_4_0.2_1_10_0.1_2_0_.RData"
"147",47,"Linear","Random",500,4,0,4,0.2,1,10,0.1,2,0,"Y","Sim_47_Linear_Random_500_4_0_4_0.2_1_10_0.1_2_0_Y","Results/SimulationRaw/47_Linear_Random_500_4_0_4_0.2_1_10_0.1_2_0_.RData"
"148",48,"Linear","Random",500,4,0,4,0.2,1,10,0.1,2,0,"Y","Sim_48_Linear_Random_500_4_0_4_0.2_1_10_0.1_2_0_Y","Results/SimulationRaw/48_Linear_Random_500_4_0_4_0.2_1_10_0.1_2_0_.RData"
"149",49,"Linear","Random",500,4,0,4,0.2,1,10,0.1,2,0,"Y","Sim_49_Linear_Random_500_4_0_4_0.2_1_10_0.1_2_0_Y","Results/SimulationRaw/49_Linear_Random_500_4_0_4_0.2_1_10_0.1_2_0_.RData"
"150",50,"Linear","Random",500,4,0,4,0.2,1,10,0.1,2,0,"Y","Sim_50_Linear_Random_500_4_0_4_0.2_1_10_0.1_2_0_Y","Results/SimulationRaw/50_Linear_Random_500_4_0_4_0.2_1_10_0.1_2_0_.RData"
"151",1,"Linear","BreakingTies",500,4,0,4,0.2,1,10,0.1,2,0,"Y","Sim_1_Linear_BreakingTies_500_4_0_4_0.2_1_10_0.1_2_0_Y","Results/SimulationRaw/1_Linear_BreakingTies_500_4_0_4_0.2_1_10_0.1_2_0_.RData"
"152",2,"Linear","BreakingTies",500,4,0,4,0.2,1,10,0.1,2,0,"Y","Sim_2_Linear_BreakingTies_500_4_0_4_0.2_1_10_0.1_2_0_Y","Results/SimulationRaw/2_Linear_BreakingTies_500_4_0_4_0.2_1_10_0.1_2_0_.RData"
"153",3,"Linear","BreakingTies",500,4,0,4,0.2,1,10,0.1,2,0,"Y","Sim_3_Linear_BreakingTies_500_4_0_4_0.2_1_10_0.1_2_0_Y","Results/SimulationRaw/3_Linear_BreakingTies_500_4_0_4_0.2_1_10_0.1_2_0_.RData"
"154",4,"Linear","BreakingTies",500,4,0,4,0.2,1,10,0.1,2,0,"Y","Sim_4_Linear_BreakingTies_500_4_0_4_0.2_1_10_0.1_2_0_Y","Results/SimulationRaw/4_Linear_BreakingTies_500_4_0_4_0.2_1_10_0.1_2_0_.RData"
"155",5,"Linear","BreakingTies",500,4,0,4,0.2,1,10,0.1,2,0,"Y","Sim_5_Linear_BreakingTies_500_4_0_4_0.2_1_10_0.1_2_0_Y","Results/SimulationRaw/5_Linear_BreakingTies_500_4_0_4_0.2_1_10_0.1_2_0_.RData"
"156",6,"Linear","BreakingTies",500,4,0,4,0.2,1,10,0.1,2,0,"Y","Sim_6_Linear_BreakingTies_500_4_0_4_0.2_1_10_0.1_2_0_Y","Results/SimulationRaw/6_Linear_BreakingTies_500_4_0_4_0.2_1_10_0.1_2_0_.RData"
"157",7,"Linear","BreakingTies",500,4,0,4,0.2,1,10,0.1,2,0,"Y","Sim_7_Linear_BreakingTies_500_4_0_4_0.2_1_10_0.1_2_0_Y","Results/SimulationRaw/7_Linear_BreakingTies_500_4_0_4_0.2_1_10_0.1_2_0_.RData"
"158",8,"Linear","BreakingTies",500,4,0,4,0.2,1,10,0.1,2,0,"Y","Sim_8_Linear_BreakingTies_500_4_0_4_0.2_1_10_0.1_2_0_Y","Results/SimulationRaw/8_Linear_BreakingTies_500_4_0_4_0.2_1_10_0.1_2_0_.RData"
"159",9,"Linear","BreakingTies",500,4,0,4,0.2,1,10,0.1,2,0,"Y","Sim_9_Linear_BreakingTies_500_4_0_4_0.2_1_10_0.1_2_0_Y","Results/SimulationRaw/9_Linear_BreakingTies_500_4_0_4_0.2_1_10_0.1_2_0_.RData"
"160",10,"Linear","BreakingTies",500,4,0,4,0.2,1,10,0.1,2,0,"Y","Sim_10_Linear_BreakingTies_500_4_0_4_0.2_1_10_0.1_2_0_Y","Results/SimulationRaw/10_Linear_BreakingTies_500_4_0_4_0.2_1_10_0.1_2_0_.RData"
"161",11,"Linear","BreakingTies",500,4,0,4,0.2,1,10,0.1,2,0,"Y","Sim_11_Linear_BreakingTies_500_4_0_4_0.2_1_10_0.1_2_0_Y","Results/SimulationRaw/11_Linear_BreakingTies_500_4_0_4_0.2_1_10_0.1_2_0_.RData"
"162",12,"Linear","BreakingTies",500,4,0,4,0.2,1,10,0.1,2,0,"Y","Sim_12_Linear_BreakingTies_500_4_0_4_0.2_1_10_0.1_2_0_Y","Results/SimulationRaw/12_Linear_BreakingTies_500_4_0_4_0.2_1_10_0.1_2_0_.RData"
"163",13,"Linear","BreakingTies",500,4,0,4,0.2,1,10,0.1,2,0,"Y","Sim_13_Linear_BreakingTies_500_4_0_4_0.2_1_10_0.1_2_0_Y","Results/SimulationRaw/13_Linear_BreakingTies_500_4_0_4_0.2_1_10_0.1_2_0_.RData"
"164",14,"Linear","BreakingTies",500,4,0,4,0.2,1,10,0.1,2,0,"Y","Sim_14_Linear_BreakingTies_500_4_0_4_0.2_1_10_0.1_2_0_Y","Results/SimulationRaw/14_Linear_BreakingTies_500_4_0_4_0.2_1_10_0.1_2_0_.RData"
"165",15,"Linear","BreakingTies",500,4,0,4,0.2,1,10,0.1,2,0,"Y","Sim_15_Linear_BreakingTies_500_4_0_4_0.2_1_10_0.1_2_0_Y","Results/SimulationRaw/15_Linear_BreakingTies_500_4_0_4_0.2_1_10_0.1_2_0_.RData"
"166",16,"Linear","BreakingTies",500,4,0,4,0.2,1,10,0.1,2,0,"Y","Sim_16_Linear_BreakingTies_500_4_0_4_0.2_1_10_0.1_2_0_Y","Results/SimulationRaw/16_Linear_BreakingTies_500_4_0_4_0.2_1_10_0.1_2_0_.RData"
"167",17,"Linear","BreakingTies",500,4,0,4,0.2,1,10,0.1,2,0,"Y","Sim_17_Linear_BreakingTies_500_4_0_4_0.2_1_10_0.1_2_0_Y","Results/SimulationRaw/17_Linear_BreakingTies_500_4_0_4_0.2_1_10_0.1_2_0_.RData"
"168",18,"Linear","BreakingTies",500,4,0,4,0.2,1,10,0.1,2,0,"Y","Sim_18_Linear_BreakingTies_500_4_0_4_0.2_1_10_0.1_2_0_Y","Results/SimulationRaw/18_Linear_BreakingTies_500_4_0_4_0.2_1_10_0.1_2_0_.RData"
"169",19,"Linear","BreakingTies",500,4,0,4,0.2,1,10,0.1,2,0,"Y","Sim_19_Linear_BreakingTies_500_4_0_4_0.2_1_10_0.1_2_0_Y","Results/SimulationRaw/19_Linear_BreakingTies_500_4_0_4_0.2_1_10_0.1_2_0_.RData"
"170",20,"Linear","BreakingTies",500,4,0,4,0.2,1,10,0.1,2,0,"Y","Sim_20_Linear_BreakingTies_500_4_0_4_0.2_1_10_0.1_2_0_Y","Results/SimulationRaw/20_Linear_BreakingTies_500_4_0_4_0.2_1_10_0.1_2_0_.RData"
"171",21,"Linear","BreakingTies",500,4,0,4,0.2,1,10,0.1,2,0,"Y","Sim_21_Linear_BreakingTies_500_4_0_4_0.2_1_10_0.1_2_0_Y","Results/SimulationRaw/21_Linear_BreakingTies_500_4_0_4_0.2_1_10_0.1_2_0_.RData"
"172",22,"Linear","BreakingTies",500,4,0,4,0.2,1,10,0.1,2,0,"Y","Sim_22_Linear_BreakingTies_500_4_0_4_0.2_1_10_0.1_2_0_Y","Results/SimulationRaw/22_Linear_BreakingTies_500_4_0_4_0.2_1_10_0.1_2_0_.RData"
"173",23,"Linear","BreakingTies",500,4,0,4,0.2,1,10,0.1,2,0,"Y","Sim_23_Linear_BreakingTies_500_4_0_4_0.2_1_10_0.1_2_0_Y","Results/SimulationRaw/23_Linear_BreakingTies_500_4_0_4_0.2_1_10_0.1_2_0_.RData"
"174",24,"Linear","BreakingTies",500,4,0,4,0.2,1,10,0.1,2,0,"Y","Sim_24_Linear_BreakingTies_500_4_0_4_0.2_1_10_0.1_2_0_Y","Results/SimulationRaw/24_Linear_BreakingTies_500_4_0_4_0.2_1_10_0.1_2_0_.RData"
"175",25,"Linear","BreakingTies",500,4,0,4,0.2,1,10,0.1,2,0,"Y","Sim_25_Linear_BreakingTies_500_4_0_4_0.2_1_10_0.1_2_0_Y","Results/SimulationRaw/25_Linear_BreakingTies_500_4_0_4_0.2_1_10_0.1_2_0_.RData"
"176",26,"Linear","BreakingTies",500,4,0,4,0.2,1,10,0.1,2,0,"Y","Sim_26_Linear_BreakingTies_500_4_0_4_0.2_1_10_0.1_2_0_Y","Results/SimulationRaw/26_Linear_BreakingTies_500_4_0_4_0.2_1_10_0.1_2_0_.RData"
"177",27,"Linear","BreakingTies",500,4,0,4,0.2,1,10,0.1,2,0,"Y","Sim_27_Linear_BreakingTies_500_4_0_4_0.2_1_10_0.1_2_0_Y","Results/SimulationRaw/27_Linear_BreakingTies_500_4_0_4_0.2_1_10_0.1_2_0_.RData"
"178",28,"Linear","BreakingTies",500,4,0,4,0.2,1,10,0.1,2,0,"Y","Sim_28_Linear_BreakingTies_500_4_0_4_0.2_1_10_0.1_2_0_Y","Results/SimulationRaw/28_Linear_BreakingTies_500_4_0_4_0.2_1_10_0.1_2_0_.RData"
"179",29,"Linear","BreakingTies",500,4,0,4,0.2,1,10,0.1,2,0,"Y","Sim_29_Linear_BreakingTies_500_4_0_4_0.2_1_10_0.1_2_0_Y","Results/SimulationRaw/29_Linear_BreakingTies_500_4_0_4_0.2_1_10_0.1_2_0_.RData"
"180",30,"Linear","BreakingTies",500,4,0,4,0.2,1,10,0.1,2,0,"Y","Sim_30_Linear_BreakingTies_500_4_0_4_0.2_1_10_0.1_2_0_Y","Results/SimulationRaw/30_Linear_BreakingTies_500_4_0_4_0.2_1_10_0.1_2_0_.RData"
"181",31,"Linear","BreakingTies",500,4,0,4,0.2,1,10,0.1,2,0,"Y","Sim_31_Linear_BreakingTies_500_4_0_4_0.2_1_10_0.1_2_0_Y","Results/SimulationRaw/31_Linear_BreakingTies_500_4_0_4_0.2_1_10_0.1_2_0_.RData"
"182",32,"Linear","BreakingTies",500,4,0,4,0.2,1,10,0.1,2,0,"Y","Sim_32_Linear_BreakingTies_500_4_0_4_0.2_1_10_0.1_2_0_Y","Results/SimulationRaw/32_Linear_BreakingTies_500_4_0_4_0.2_1_10_0.1_2_0_.RData"
"183",33,"Linear","BreakingTies",500,4,0,4,0.2,1,10,0.1,2,0,"Y","Sim_33_Linear_BreakingTies_500_4_0_4_0.2_1_10_0.1_2_0_Y","Results/SimulationRaw/33_Linear_BreakingTies_500_4_0_4_0.2_1_10_0.1_2_0_.RData"
"184",34,"Linear","BreakingTies",500,4,0,4,0.2,1,10,0.1,2,0,"Y","Sim_34_Linear_BreakingTies_500_4_0_4_0.2_1_10_0.1_2_0_Y","Results/SimulationRaw/34_Linear_BreakingTies_500_4_0_4_0.2_1_10_0.1_2_0_.RData"
"185",35,"Linear","BreakingTies",500,4,0,4,0.2,1,10,0.1,2,0,"Y","Sim_35_Linear_BreakingTies_500_4_0_4_0.2_1_10_0.1_2_0_Y","Results/SimulationRaw/35_Linear_BreakingTies_500_4_0_4_0.2_1_10_0.1_2_0_.RData"
"186",36,"Linear","BreakingTies",500,4,0,4,0.2,1,10,0.1,2,0,"Y","Sim_36_Linear_BreakingTies_500_4_0_4_0.2_1_10_0.1_2_0_Y","Results/SimulationRaw/36_Linear_BreakingTies_500_4_0_4_0.2_1_10_0.1_2_0_.RData"
"187",37,"Linear","BreakingTies",500,4,0,4,0.2,1,10,0.1,2,0,"Y","Sim_37_Linear_BreakingTies_500_4_0_4_0.2_1_10_0.1_2_0_Y","Results/SimulationRaw/37_Linear_BreakingTies_500_4_0_4_0.2_1_10_0.1_2_0_.RData"
"188",38,"Linear","BreakingTies",500,4,0,4,0.2,1,10,0.1,2,0,"Y","Sim_38_Linear_BreakingTies_500_4_0_4_0.2_1_10_0.1_2_0_Y","Results/SimulationRaw/38_Linear_BreakingTies_500_4_0_4_0.2_1_10_0.1_2_0_.RData"
"189",39,"Linear","BreakingTies",500,4,0,4,0.2,1,10,0.1,2,0,"Y","Sim_39_Linear_BreakingTies_500_4_0_4_0.2_1_10_0.1_2_0_Y","Results/SimulationRaw/39_Linear_BreakingTies_500_4_0_4_0.2_1_10_0.1_2_0_.RData"
"190",40,"Linear","BreakingTies",500,4,0,4,0.2,1,10,0.1,2,0,"Y","Sim_40_Linear_BreakingTies_500_4_0_4_0.2_1_10_0.1_2_0_Y","Results/SimulationRaw/40_Linear_BreakingTies_500_4_0_4_0.2_1_10_0.1_2_0_.RData"
"191",41,"Linear","BreakingTies",500,4,0,4,0.2,1,10,0.1,2,0,"Y","Sim_41_Linear_BreakingTies_500_4_0_4_0.2_1_10_0.1_2_0_Y","Results/SimulationRaw/41_Linear_BreakingTies_500_4_0_4_0.2_1_10_0.1_2_0_.RData"
"192",42,"Linear","BreakingTies",500,4,0,4,0.2,1,10,0.1,2,0,"Y","Sim_42_Linear_BreakingTies_500_4_0_4_0.2_1_10_0.1_2_0_Y","Results/SimulationRaw/42_Linear_BreakingTies_500_4_0_4_0.2_1_10_0.1_2_0_.RData"
"193",43,"Linear","BreakingTies",500,4,0,4,0.2,1,10,0.1,2,0,"Y","Sim_43_Linear_BreakingTies_500_4_0_4_0.2_1_10_0.1_2_0_Y","Results/SimulationRaw/43_Linear_BreakingTies_500_4_0_4_0.2_1_10_0.1_2_0_.RData"
"194",44,"Linear","BreakingTies",500,4,0,4,0.2,1,10,0.1,2,0,"Y","Sim_44_Linear_BreakingTies_500_4_0_4_0.2_1_10_0.1_2_0_Y","Results/SimulationRaw/44_Linear_BreakingTies_500_4_0_4_0.2_1_10_0.1_2_0_.RData"
"195",45,"Linear","BreakingTies",500,4,0,4,0.2,1,10,0.1,2,0,"Y","Sim_45_Linear_BreakingTies_500_4_0_4_0.2_1_10_0.1_2_0_Y","Results/SimulationRaw/45_Linear_BreakingTies_500_4_0_4_0.2_1_10_0.1_2_0_.RData"
"196",46,"Linear","BreakingTies",500,4,0,4,0.2,1,10,0.1,2,0,"Y","Sim_46_Linear_BreakingTies_500_4_0_4_0.2_1_10_0.1_2_0_Y","Results/SimulationRaw/46_Linear_BreakingTies_500_4_0_4_0.2_1_10_0.1_2_0_.RData"
"197",47,"Linear","BreakingTies",500,4,0,4,0.2,1,10,0.1,2,0,"Y","Sim_47_Linear_BreakingTies_500_4_0_4_0.2_1_10_0.1_2_0_Y","Results/SimulationRaw/47_Linear_BreakingTies_500_4_0_4_0.2_1_10_0.1_2_0_.RData"
"198",48,"Linear","BreakingTies",500,4,0,4,0.2,1,10,0.1,2,0,"Y","Sim_48_Linear_BreakingTies_500_4_0_4_0.2_1_10_0.1_2_0_Y","Results/SimulationRaw/48_Linear_BreakingTies_500_4_0_4_0.2_1_10_0.1_2_0_.RData"
"199",49,"Linear","BreakingTies",500,4,0,4,0.2,1,10,0.1,2,0,"Y","Sim_49_Linear_BreakingTies_500_4_0_4_0.2_1_10_0.1_2_0_Y","Results/SimulationRaw/49_Linear_BreakingTies_500_4_0_4_0.2_1_10_0.1_2_0_.RData"
"200",50,"Linear","BreakingTies",500,4,0,4,0.2,1,10,0.1,2,0,"Y","Sim_50_Linear_BreakingTies_500_4_0_4_0.2_1_10_0.1_2_0_Y","Results/SimulationRaw/50_Linear_BreakingTies_500_4_0_4_0.2_1_10_0.1_2_0_.RData"
"201",1,"Linear","Random",500,5,0,4,0.2,1,10,0.1,2,0,"Y","Sim_1_Linear_Random_500_5_0_4_0.2_1_10_0.1_2_0_Y","Results/SimulationRaw/1_Linear_Random_500_5_0_4_0.2_1_10_0.1_2_0_.RData"
"202",2,"Linear","Random",500,5,0,4,0.2,1,10,0.1,2,0,"Y","Sim_2_Linear_Random_500_5_0_4_0.2_1_10_0.1_2_0_Y","Results/SimulationRaw/2_Linear_Random_500_5_0_4_0.2_1_10_0.1_2_0_.RData"
"203",3,"Linear","Random",500,5,0,4,0.2,1,10,0.1,2,0,"Y","Sim_3_Linear_Random_500_5_0_4_0.2_1_10_0.1_2_0_Y","Results/SimulationRaw/3_Linear_Random_500_5_0_4_0.2_1_10_0.1_2_0_.RData"
"204",4,"Linear","Random",500,5,0,4,0.2,1,10,0.1,2,0,"Y","Sim_4_Linear_Random_500_5_0_4_0.2_1_10_0.1_2_0_Y","Results/SimulationRaw/4_Linear_Random_500_5_0_4_0.2_1_10_0.1_2_0_.RData"
"205",5,"Linear","Random",500,5,0,4,0.2,1,10,0.1,2,0,"Y","Sim_5_Linear_Random_500_5_0_4_0.2_1_10_0.1_2_0_Y","Results/SimulationRaw/5_Linear_Random_500_5_0_4_0.2_1_10_0.1_2_0_.RData"
"206",6,"Linear","Random",500,5,0,4,0.2,1,10,0.1,2,0,"Y","Sim_6_Linear_Random_500_5_0_4_0.2_1_10_0.1_2_0_Y","Results/SimulationRaw/6_Linear_Random_500_5_0_4_0.2_1_10_0.1_2_0_.RData"
"207",7,"Linear","Random",500,5,0,4,0.2,1,10,0.1,2,0,"Y","Sim_7_Linear_Random_500_5_0_4_0.2_1_10_0.1_2_0_Y","Results/SimulationRaw/7_Linear_Random_500_5_0_4_0.2_1_10_0.1_2_0_.RData"
"208",8,"Linear","Random",500,5,0,4,0.2,1,10,0.1,2,0,"Y","Sim_8_Linear_Random_500_5_0_4_0.2_1_10_0.1_2_0_Y","Results/SimulationRaw/8_Linear_Random_500_5_0_4_0.2_1_10_0.1_2_0_.RData"
"209",9,"Linear","Random",500,5,0,4,0.2,1,10,0.1,2,0,"Y","Sim_9_Linear_Random_500_5_0_4_0.2_1_10_0.1_2_0_Y","Results/SimulationRaw/9_Linear_Random_500_5_0_4_0.2_1_10_0.1_2_0_.RData"
"210",10,"Linear","Random",500,5,0,4,0.2,1,10,0.1,2,0,"Y","Sim_10_Linear_Random_500_5_0_4_0.2_1_10_0.1_2_0_Y","Results/SimulationRaw/10_Linear_Random_500_5_0_4_0.2_1_10_0.1_2_0_.RData"
"211",11,"Linear","Random",500,5,0,4,0.2,1,10,0.1,2,0,"Y","Sim_11_Linear_Random_500_5_0_4_0.2_1_10_0.1_2_0_Y","Results/SimulationRaw/11_Linear_Random_500_5_0_4_0.2_1_10_0.1_2_0_.RData"
"212",12,"Linear","Random",500,5,0,4,0.2,1,10,0.1,2,0,"Y","Sim_12_Linear_Random_500_5_0_4_0.2_1_10_0.1_2_0_Y","Results/SimulationRaw/12_Linear_Random_500_5_0_4_0.2_1_10_0.1_2_0_.RData"
"213",13,"Linear","Random",500,5,0,4,0.2,1,10,0.1,2,0,"Y","Sim_13_Linear_Random_500_5_0_4_0.2_1_10_0.1_2_0_Y","Results/SimulationRaw/13_Linear_Random_500_5_0_4_0.2_1_10_0.1_2_0_.RData"
"214",14,"Linear","Random",500,5,0,4,0.2,1,10,0.1,2,0,"Y","Sim_14_Linear_Random_500_5_0_4_0.2_1_10_0.1_2_0_Y","Results/SimulationRaw/14_Linear_Random_500_5_0_4_0.2_1_10_0.1_2_0_.RData"
"215",15,"Linear","Random",500,5,0,4,0.2,1,10,0.1,2,0,"Y","Sim_15_Linear_Random_500_5_0_4_0.2_1_10_0.1_2_0_Y","Results/SimulationRaw/15_Linear_Random_500_5_0_4_0.2_1_10_0.1_2_0_.RData"
"216",16,"Linear","Random",500,5,0,4,0.2,1,10,0.1,2,0,"Y","Sim_16_Linear_Random_500_5_0_4_0.2_1_10_0.1_2_0_Y","Results/SimulationRaw/16_Linear_Random_500_5_0_4_0.2_1_10_0.1_2_0_.RData"
"217",17,"Linear","Random",500,5,0,4,0.2,1,10,0.1,2,0,"Y","Sim_17_Linear_Random_500_5_0_4_0.2_1_10_0.1_2_0_Y","Results/SimulationRaw/17_Linear_Random_500_5_0_4_0.2_1_10_0.1_2_0_.RData"
"218",18,"Linear","Random",500,5,0,4,0.2,1,10,0.1,2,0,"Y","Sim_18_Linear_Random_500_5_0_4_0.2_1_10_0.1_2_0_Y","Results/SimulationRaw/18_Linear_Random_500_5_0_4_0.2_1_10_0.1_2_0_.RData"
"219",19,"Linear","Random",500,5,0,4,0.2,1,10,0.1,2,0,"Y","Sim_19_Linear_Random_500_5_0_4_0.2_1_10_0.1_2_0_Y","Results/SimulationRaw/19_Linear_Random_500_5_0_4_0.2_1_10_0.1_2_0_.RData"
"220",20,"Linear","Random",500,5,0,4,0.2,1,10,0.1,2,0,"Y","Sim_20_Linear_Random_500_5_0_4_0.2_1_10_0.1_2_0_Y","Results/SimulationRaw/20_Linear_Random_500_5_0_4_0.2_1_10_0.1_2_0_.RData"
"221",21,"Linear","Random",500,5,0,4,0.2,1,10,0.1,2,0,"Y","Sim_21_Linear_Random_500_5_0_4_0.2_1_10_0.1_2_0_Y","Results/SimulationRaw/21_Linear_Random_500_5_0_4_0.2_1_10_0.1_2_0_.RData"
"222",22,"Linear","Random",500,5,0,4,0.2,1,10,0.1,2,0,"Y","Sim_22_Linear_Random_500_5_0_4_0.2_1_10_0.1_2_0_Y","Results/SimulationRaw/22_Linear_Random_500_5_0_4_0.2_1_10_0.1_2_0_.RData"
"223",23,"Linear","Random",500,5,0,4,0.2,1,10,0.1,2,0,"Y","Sim_23_Linear_Random_500_5_0_4_0.2_1_10_0.1_2_0_Y","Results/SimulationRaw/23_Linear_Random_500_5_0_4_0.2_1_10_0.1_2_0_.RData"
"224",24,"Linear","Random",500,5,0,4,0.2,1,10,0.1,2,0,"Y","Sim_24_Linear_Random_500_5_0_4_0.2_1_10_0.1_2_0_Y","Results/SimulationRaw/24_Linear_Random_500_5_0_4_0.2_1_10_0.1_2_0_.RData"
"225",25,"Linear","Random",500,5,0,4,0.2,1,10,0.1,2,0,"Y","Sim_25_Linear_Random_500_5_0_4_0.2_1_10_0.1_2_0_Y","Results/SimulationRaw/25_Linear_Random_500_5_0_4_0.2_1_10_0.1_2_0_.RData"
"226",26,"Linear","Random",500,5,0,4,0.2,1,10,0.1,2,0,"Y","Sim_26_Linear_Random_500_5_0_4_0.2_1_10_0.1_2_0_Y","Results/SimulationRaw/26_Linear_Random_500_5_0_4_0.2_1_10_0.1_2_0_.RData"
"227",27,"Linear","Random",500,5,0,4,0.2,1,10,0.1,2,0,"Y","Sim_27_Linear_Random_500_5_0_4_0.2_1_10_0.1_2_0_Y","Results/SimulationRaw/27_Linear_Random_500_5_0_4_0.2_1_10_0.1_2_0_.RData"
"228",28,"Linear","Random",500,5,0,4,0.2,1,10,0.1,2,0,"Y","Sim_28_Linear_Random_500_5_0_4_0.2_1_10_0.1_2_0_Y","Results/SimulationRaw/28_Linear_Random_500_5_0_4_0.2_1_10_0.1_2_0_.RData"
"229",29,"Linear","Random",500,5,0,4,0.2,1,10,0.1,2,0,"Y","Sim_29_Linear_Random_500_5_0_4_0.2_1_10_0.1_2_0_Y","Results/SimulationRaw/29_Linear_Random_500_5_0_4_0.2_1_10_0.1_2_0_.RData"
"230",30,"Linear","Random",500,5,0,4,0.2,1,10,0.1,2,0,"Y","Sim_30_Linear_Random_500_5_0_4_0.2_1_10_0.1_2_0_Y","Results/SimulationRaw/30_Linear_Random_500_5_0_4_0.2_1_10_0.1_2_0_.RData"
"231",31,"Linear","Random",500,5,0,4,0.2,1,10,0.1,2,0,"Y","Sim_31_Linear_Random_500_5_0_4_0.2_1_10_0.1_2_0_Y","Results/SimulationRaw/31_Linear_Random_500_5_0_4_0.2_1_10_0.1_2_0_.RData"
"232",32,"Linear","Random",500,5,0,4,0.2,1,10,0.1,2,0,"Y","Sim_32_Linear_Random_500_5_0_4_0.2_1_10_0.1_2_0_Y","Results/SimulationRaw/32_Linear_Random_500_5_0_4_0.2_1_10_0.1_2_0_.RData"
"233",33,"Linear","Random",500,5,0,4,0.2,1,10,0.1,2,0,"Y","Sim_33_Linear_Random_500_5_0_4_0.2_1_10_0.1_2_0_Y","Results/SimulationRaw/33_Linear_Random_500_5_0_4_0.2_1_10_0.1_2_0_.RData"
"234",34,"Linear","Random",500,5,0,4,0.2,1,10,0.1,2,0,"Y","Sim_34_Linear_Random_500_5_0_4_0.2_1_10_0.1_2_0_Y","Results/SimulationRaw/34_Linear_Random_500_5_0_4_0.2_1_10_0.1_2_0_.RData"
"235",35,"Linear","Random",500,5,0,4,0.2,1,10,0.1,2,0,"Y","Sim_35_Linear_Random_500_5_0_4_0.2_1_10_0.1_2_0_Y","Results/SimulationRaw/35_Linear_Random_500_5_0_4_0.2_1_10_0.1_2_0_.RData"
"236",36,"Linear","Random",500,5,0,4,0.2,1,10,0.1,2,0,"Y","Sim_36_Linear_Random_500_5_0_4_0.2_1_10_0.1_2_0_Y","Results/SimulationRaw/36_Linear_Random_500_5_0_4_0.2_1_10_0.1_2_0_.RData"
"237",37,"Linear","Random",500,5,0,4,0.2,1,10,0.1,2,0,"Y","Sim_37_Linear_Random_500_5_0_4_0.2_1_10_0.1_2_0_Y","Results/SimulationRaw/37_Linear_Random_500_5_0_4_0.2_1_10_0.1_2_0_.RData"
"238",38,"Linear","Random",500,5,0,4,0.2,1,10,0.1,2,0,"Y","Sim_38_Linear_Random_500_5_0_4_0.2_1_10_0.1_2_0_Y","Results/SimulationRaw/38_Linear_Random_500_5_0_4_0.2_1_10_0.1_2_0_.RData"
"239",39,"Linear","Random",500,5,0,4,0.2,1,10,0.1,2,0,"Y","Sim_39_Linear_Random_500_5_0_4_0.2_1_10_0.1_2_0_Y","Results/SimulationRaw/39_Linear_Random_500_5_0_4_0.2_1_10_0.1_2_0_.RData"
"240",40,"Linear","Random",500,5,0,4,0.2,1,10,0.1,2,0,"Y","Sim_40_Linear_Random_500_5_0_4_0.2_1_10_0.1_2_0_Y","Results/SimulationRaw/40_Linear_Random_500_5_0_4_0.2_1_10_0.1_2_0_.RData"
"241",41,"Linear","Random",500,5,0,4,0.2,1,10,0.1,2,0,"Y","Sim_41_Linear_Random_500_5_0_4_0.2_1_10_0.1_2_0_Y","Results/SimulationRaw/41_Linear_Random_500_5_0_4_0.2_1_10_0.1_2_0_.RData"
"242",42,"Linear","Random",500,5,0,4,0.2,1,10,0.1,2,0,"Y","Sim_42_Linear_Random_500_5_0_4_0.2_1_10_0.1_2_0_Y","Results/SimulationRaw/42_Linear_Random_500_5_0_4_0.2_1_10_0.1_2_0_.RData"
"243",43,"Linear","Random",500,5,0,4,0.2,1,10,0.1,2,0,"Y","Sim_43_Linear_Random_500_5_0_4_0.2_1_10_0.1_2_0_Y","Results/SimulationRaw/43_Linear_Random_500_5_0_4_0.2_1_10_0.1_2_0_.RData"
"244",44,"Linear","Random",500,5,0,4,0.2,1,10,0.1,2,0,"Y","Sim_44_Linear_Random_500_5_0_4_0.2_1_10_0.1_2_0_Y","Results/SimulationRaw/44_Linear_Random_500_5_0_4_0.2_1_10_0.1_2_0_.RData"
"245",45,"Linear","Random",500,5,0,4,0.2,1,10,0.1,2,0,"Y","Sim_45_Linear_Random_500_5_0_4_0.2_1_10_0.1_2_0_Y","Results/SimulationRaw/45_Linear_Random_500_5_0_4_0.2_1_10_0.1_2_0_.RData"
"246",46,"Linear","Random",500,5,0,4,0.2,1,10,0.1,2,0,"Y","Sim_46_Linear_Random_500_5_0_4_0.2_1_10_0.1_2_0_Y","Results/SimulationRaw/46_Linear_Random_500_5_0_4_0.2_1_10_0.1_2_0_.RData"
"247",47,"Linear","Random",500,5,0,4,0.2,1,10,0.1,2,0,"Y","Sim_47_Linear_Random_500_5_0_4_0.2_1_10_0.1_2_0_Y","Results/SimulationRaw/47_Linear_Random_500_5_0_4_0.2_1_10_0.1_2_0_.RData"
"248",48,"Linear","Random",500,5,0,4,0.2,1,10,0.1,2,0,"Y","Sim_48_Linear_Random_500_5_0_4_0.2_1_10_0.1_2_0_Y","Results/SimulationRaw/48_Linear_Random_500_5_0_4_0.2_1_10_0.1_2_0_.RData"
"249",49,"Linear","Random",500,5,0,4,0.2,1,10,0.1,2,0,"Y","Sim_49_Linear_Random_500_5_0_4_0.2_1_10_0.1_2_0_Y","Results/SimulationRaw/49_Linear_Random_500_5_0_4_0.2_1_10_0.1_2_0_.RData"
"250",50,"Linear","Random",500,5,0,4,0.2,1,10,0.1,2,0,"Y","Sim_50_Linear_Random_500_5_0_4_0.2_1_10_0.1_2_0_Y","Results/SimulationRaw/50_Linear_Random_500_5_0_4_0.2_1_10_0.1_2_0_.RData"
"251",1,"Linear","BreakingTies",500,5,0,4,0.2,1,10,0.1,2,0,"Y","Sim_1_Linear_BreakingTies_500_5_0_4_0.2_1_10_0.1_2_0_Y","Results/SimulationRaw/1_Linear_BreakingTies_500_5_0_4_0.2_1_10_0.1_2_0_.RData"
"252",2,"Linear","BreakingTies",500,5,0,4,0.2,1,10,0.1,2,0,"Y","Sim_2_Linear_BreakingTies_500_5_0_4_0.2_1_10_0.1_2_0_Y","Results/SimulationRaw/2_Linear_BreakingTies_500_5_0_4_0.2_1_10_0.1_2_0_.RData"
"253",3,"Linear","BreakingTies",500,5,0,4,0.2,1,10,0.1,2,0,"Y","Sim_3_Linear_BreakingTies_500_5_0_4_0.2_1_10_0.1_2_0_Y","Results/SimulationRaw/3_Linear_BreakingTies_500_5_0_4_0.2_1_10_0.1_2_0_.RData"
"254",4,"Linear","BreakingTies",500,5,0,4,0.2,1,10,0.1,2,0,"Y","Sim_4_Linear_BreakingTies_500_5_0_4_0.2_1_10_0.1_2_0_Y","Results/SimulationRaw/4_Linear_BreakingTies_500_5_0_4_0.2_1_10_0.1_2_0_.RData"
"255",5,"Linear","BreakingTies",500,5,0,4,0.2,1,10,0.1,2,0,"Y","Sim_5_Linear_BreakingTies_500_5_0_4_0.2_1_10_0.1_2_0_Y","Results/SimulationRaw/5_Linear_BreakingTies_500_5_0_4_0.2_1_10_0.1_2_0_.RData"
"256",6,"Linear","BreakingTies",500,5,0,4,0.2,1,10,0.1,2,0,"Y","Sim_6_Linear_BreakingTies_500_5_0_4_0.2_1_10_0.1_2_0_Y","Results/SimulationRaw/6_Linear_BreakingTies_500_5_0_4_0.2_1_10_0.1_2_0_.RData"
"257",7,"Linear","BreakingTies",500,5,0,4,0.2,1,10,0.1,2,0,"Y","Sim_7_Linear_BreakingTies_500_5_0_4_0.2_1_10_0.1_2_0_Y","Results/SimulationRaw/7_Linear_BreakingTies_500_5_0_4_0.2_1_10_0.1_2_0_.RData"
"258",8,"Linear","BreakingTies",500,5,0,4,0.2,1,10,0.1,2,0,"Y","Sim_8_Linear_BreakingTies_500_5_0_4_0.2_1_10_0.1_2_0_Y","Results/SimulationRaw/8_Linear_BreakingTies_500_5_0_4_0.2_1_10_0.1_2_0_.RData"
"259",9,"Linear","BreakingTies",500,5,0,4,0.2,1,10,0.1,2,0,"Y","Sim_9_Linear_BreakingTies_500_5_0_4_0.2_1_10_0.1_2_0_Y","Results/SimulationRaw/9_Linear_BreakingTies_500_5_0_4_0.2_1_10_0.1_2_0_.RData"
"260",10,"Linear","BreakingTies",500,5,0,4,0.2,1,10,0.1,2,0,"Y","Sim_10_Linear_BreakingTies_500_5_0_4_0.2_1_10_0.1_2_0_Y","Results/SimulationRaw/10_Linear_BreakingTies_500_5_0_4_0.2_1_10_0.1_2_0_.RData"
"261",11,"Linear","BreakingTies",500,5,0,4,0.2,1,10,0.1,2,0,"Y","Sim_11_Linear_BreakingTies_500_5_0_4_0.2_1_10_0.1_2_0_Y","Results/SimulationRaw/11_Linear_BreakingTies_500_5_0_4_0.2_1_10_0.1_2_0_.RData"
"262",12,"Linear","BreakingTies",500,5,0,4,0.2,1,10,0.1,2,0,"Y","Sim_12_Linear_BreakingTies_500_5_0_4_0.2_1_10_0.1_2_0_Y","Results/SimulationRaw/12_Linear_BreakingTies_500_5_0_4_0.2_1_10_0.1_2_0_.RData"
"263",13,"Linear","BreakingTies",500,5,0,4,0.2,1,10,0.1,2,0,"Y","Sim_13_Linear_BreakingTies_500_5_0_4_0.2_1_10_0.1_2_0_Y","Results/SimulationRaw/13_Linear_BreakingTies_500_5_0_4_0.2_1_10_0.1_2_0_.RData"
"264",14,"Linear","BreakingTies",500,5,0,4,0.2,1,10,0.1,2,0,"Y","Sim_14_Linear_BreakingTies_500_5_0_4_0.2_1_10_0.1_2_0_Y","Results/SimulationRaw/14_Linear_BreakingTies_500_5_0_4_0.2_1_10_0.1_2_0_.RData"
"265",15,"Linear","BreakingTies",500,5,0,4,0.2,1,10,0.1,2,0,"Y","Sim_15_Linear_BreakingTies_500_5_0_4_0.2_1_10_0.1_2_0_Y","Results/SimulationRaw/15_Linear_BreakingTies_500_5_0_4_0.2_1_10_0.1_2_0_.RData"
"266",16,"Linear","BreakingTies",500,5,0,4,0.2,1,10,0.1,2,0,"Y","Sim_16_Linear_BreakingTies_500_5_0_4_0.2_1_10_0.1_2_0_Y","Results/SimulationRaw/16_Linear_BreakingTies_500_5_0_4_0.2_1_10_0.1_2_0_.RData"
"267",17,"Linear","BreakingTies",500,5,0,4,0.2,1,10,0.1,2,0,"Y","Sim_17_Linear_BreakingTies_500_5_0_4_0.2_1_10_0.1_2_0_Y","Results/SimulationRaw/17_Linear_BreakingTies_500_5_0_4_0.2_1_10_0.1_2_0_.RData"
"268",18,"Linear","BreakingTies",500,5,0,4,0.2,1,10,0.1,2,0,"Y","Sim_18_Linear_BreakingTies_500_5_0_4_0.2_1_10_0.1_2_0_Y","Results/SimulationRaw/18_Linear_BreakingTies_500_5_0_4_0.2_1_10_0.1_2_0_.RData"
"269",19,"Linear","BreakingTies",500,5,0,4,0.2,1,10,0.1,2,0,"Y","Sim_19_Linear_BreakingTies_500_5_0_4_0.2_1_10_0.1_2_0_Y","Results/SimulationRaw/19_Linear_BreakingTies_500_5_0_4_0.2_1_10_0.1_2_0_.RData"
"270",20,"Linear","BreakingTies",500,5,0,4,0.2,1,10,0.1,2,0,"Y","Sim_20_Linear_BreakingTies_500_5_0_4_0.2_1_10_0.1_2_0_Y","Results/SimulationRaw/20_Linear_BreakingTies_500_5_0_4_0.2_1_10_0.1_2_0_.RData"
"271",21,"Linear","BreakingTies",500,5,0,4,0.2,1,10,0.1,2,0,"Y","Sim_21_Linear_BreakingTies_500_5_0_4_0.2_1_10_0.1_2_0_Y","Results/SimulationRaw/21_Linear_BreakingTies_500_5_0_4_0.2_1_10_0.1_2_0_.RData"
"272",22,"Linear","BreakingTies",500,5,0,4,0.2,1,10,0.1,2,0,"Y","Sim_22_Linear_BreakingTies_500_5_0_4_0.2_1_10_0.1_2_0_Y","Results/SimulationRaw/22_Linear_BreakingTies_500_5_0_4_0.2_1_10_0.1_2_0_.RData"
"273",23,"Linear","BreakingTies",500,5,0,4,0.2,1,10,0.1,2,0,"Y","Sim_23_Linear_BreakingTies_500_5_0_4_0.2_1_10_0.1_2_0_Y","Results/SimulationRaw/23_Linear_BreakingTies_500_5_0_4_0.2_1_10_0.1_2_0_.RData"
"274",24,"Linear","BreakingTies",500,5,0,4,0.2,1,10,0.1,2,0,"Y","Sim_24_Linear_BreakingTies_500_5_0_4_0.2_1_10_0.1_2_0_Y","Results/SimulationRaw/24_Linear_BreakingTies_500_5_0_4_0.2_1_10_0.1_2_0_.RData"
"275",25,"Linear","BreakingTies",500,5,0,4,0.2,1,10,0.1,2,0,"Y","Sim_25_Linear_BreakingTies_500_5_0_4_0.2_1_10_0.1_2_0_Y","Results/SimulationRaw/25_Linear_BreakingTies_500_5_0_4_0.2_1_10_0.1_2_0_.RData"
"276",26,"Linear","BreakingTies",500,5,0,4,0.2,1,10,0.1,2,0,"Y","Sim_26_Linear_BreakingTies_500_5_0_4_0.2_1_10_0.1_2_0_Y","Results/SimulationRaw/26_Linear_BreakingTies_500_5_0_4_0.2_1_10_0.1_2_0_.RData"
"277",27,"Linear","BreakingTies",500,5,0,4,0.2,1,10,0.1,2,0,"Y","Sim_27_Linear_BreakingTies_500_5_0_4_0.2_1_10_0.1_2_0_Y","Results/SimulationRaw/27_Linear_BreakingTies_500_5_0_4_0.2_1_10_0.1_2_0_.RData"
"278",28,"Linear","BreakingTies",500,5,0,4,0.2,1,10,0.1,2,0,"Y","Sim_28_Linear_BreakingTies_500_5_0_4_0.2_1_10_0.1_2_0_Y","Results/SimulationRaw/28_Linear_BreakingTies_500_5_0_4_0.2_1_10_0.1_2_0_.RData"
"279",29,"Linear","BreakingTies",500,5,0,4,0.2,1,10,0.1,2,0,"Y","Sim_29_Linear_BreakingTies_500_5_0_4_0.2_1_10_0.1_2_0_Y","Results/SimulationRaw/29_Linear_BreakingTies_500_5_0_4_0.2_1_10_0.1_2_0_.RData"
"280",30,"Linear","BreakingTies",500,5,0,4,0.2,1,10,0.1,2,0,"Y","Sim_30_Linear_BreakingTies_500_5_0_4_0.2_1_10_0.1_2_0_Y","Results/SimulationRaw/30_Linear_BreakingTies_500_5_0_4_0.2_1_10_0.1_2_0_.RData"
"281",31,"Linear","BreakingTies",500,5,0,4,0.2,1,10,0.1,2,0,"Y","Sim_31_Linear_BreakingTies_500_5_0_4_0.2_1_10_0.1_2_0_Y","Results/SimulationRaw/31_Linear_BreakingTies_500_5_0_4_0.2_1_10_0.1_2_0_.RData"
"282",32,"Linear","BreakingTies",500,5,0,4,0.2,1,10,0.1,2,0,"Y","Sim_32_Linear_BreakingTies_500_5_0_4_0.2_1_10_0.1_2_0_Y","Results/SimulationRaw/32_Linear_BreakingTies_500_5_0_4_0.2_1_10_0.1_2_0_.RData"
"283",33,"Linear","BreakingTies",500,5,0,4,0.2,1,10,0.1,2,0,"Y","Sim_33_Linear_BreakingTies_500_5_0_4_0.2_1_10_0.1_2_0_Y","Results/SimulationRaw/33_Linear_BreakingTies_500_5_0_4_0.2_1_10_0.1_2_0_.RData"
"284",34,"Linear","BreakingTies",500,5,0,4,0.2,1,10,0.1,2,0,"Y","Sim_34_Linear_BreakingTies_500_5_0_4_0.2_1_10_0.1_2_0_Y","Results/SimulationRaw/34_Linear_BreakingTies_500_5_0_4_0.2_1_10_0.1_2_0_.RData"
"285",35,"Linear","BreakingTies",500,5,0,4,0.2,1,10,0.1,2,0,"Y","Sim_35_Linear_BreakingTies_500_5_0_4_0.2_1_10_0.1_2_0_Y","Results/SimulationRaw/35_Linear_BreakingTies_500_5_0_4_0.2_1_10_0.1_2_0_.RData"
"286",36,"Linear","BreakingTies",500,5,0,4,0.2,1,10,0.1,2,0,"Y","Sim_36_Linear_BreakingTies_500_5_0_4_0.2_1_10_0.1_2_0_Y","Results/SimulationRaw/36_Linear_BreakingTies_500_5_0_4_0.2_1_10_0.1_2_0_.RData"
"287",37,"Linear","BreakingTies",500,5,0,4,0.2,1,10,0.1,2,0,"Y","Sim_37_Linear_BreakingTies_500_5_0_4_0.2_1_10_0.1_2_0_Y","Results/SimulationRaw/37_Linear_BreakingTies_500_5_0_4_0.2_1_10_0.1_2_0_.RData"
"288",38,"Linear","BreakingTies",500,5,0,4,0.2,1,10,0.1,2,0,"Y","Sim_38_Linear_BreakingTies_500_5_0_4_0.2_1_10_0.1_2_0_Y","Results/SimulationRaw/38_Linear_BreakingTies_500_5_0_4_0.2_1_10_0.1_2_0_.RData"
"289",39,"Linear","BreakingTies",500,5,0,4,0.2,1,10,0.1,2,0,"Y","Sim_39_Linear_BreakingTies_500_5_0_4_0.2_1_10_0.1_2_0_Y","Results/SimulationRaw/39_Linear_BreakingTies_500_5_0_4_0.2_1_10_0.1_2_0_.RData"
"290",40,"Linear","BreakingTies",500,5,0,4,0.2,1,10,0.1,2,0,"Y","Sim_40_Linear_BreakingTies_500_5_0_4_0.2_1_10_0.1_2_0_Y","Results/SimulationRaw/40_Linear_BreakingTies_500_5_0_4_0.2_1_10_0.1_2_0_.RData"
"291",41,"Linear","BreakingTies",500,5,0,4,0.2,1,10,0.1,2,0,"Y","Sim_41_Linear_BreakingTies_500_5_0_4_0.2_1_10_0.1_2_0_Y","Results/SimulationRaw/41_Linear_BreakingTies_500_5_0_4_0.2_1_10_0.1_2_0_.RData"
"292",42,"Linear","BreakingTies",500,5,0,4,0.2,1,10,0.1,2,0,"Y","Sim_42_Linear_BreakingTies_500_5_0_4_0.2_1_10_0.1_2_0_Y","Results/SimulationRaw/42_Linear_BreakingTies_500_5_0_4_0.2_1_10_0.1_2_0_.RData"
"293",43,"Linear","BreakingTies",500,5,0,4,0.2,1,10,0.1,2,0,"Y","Sim_43_Linear_BreakingTies_500_5_0_4_0.2_1_10_0.1_2_0_Y","Results/SimulationRaw/43_Linear_BreakingTies_500_5_0_4_0.2_1_10_0.1_2_0_.RData"
"294",44,"Linear","BreakingTies",500,5,0,4,0.2,1,10,0.1,2,0,"Y","Sim_44_Linear_BreakingTies_500_5_0_4_0.2_1_10_0.1_2_0_Y","Results/SimulationRaw/44_Linear_BreakingTies_500_5_0_4_0.2_1_10_0.1_2_0_.RData"
"295",45,"Linear","BreakingTies",500,5,0,4,0.2,1,10,0.1,2,0,"Y","Sim_45_Linear_BreakingTies_500_5_0_4_0.2_1_10_0.1_2_0_Y","Results/SimulationRaw/45_Linear_BreakingTies_500_5_0_4_0.2_1_10_0.1_2_0_.RData"
"296",46,"Linear","BreakingTies",500,5,0,4,0.2,1,10,0.1,2,0,"Y","Sim_46_Linear_BreakingTies_500_5_0_4_0.2_1_10_0.1_2_0_Y","Results/SimulationRaw/46_Linear_BreakingTies_500_5_0_4_0.2_1_10_0.1_2_0_.RData"
"297",47,"Linear","BreakingTies",500,5,0,4,0.2,1,10,0.1,2,0,"Y","Sim_47_Linear_BreakingTies_500_5_0_4_0.2_1_10_0.1_2_0_Y","Results/SimulationRaw/47_Linear_BreakingTies_500_5_0_4_0.2_1_10_0.1_2_0_.RData"
"298",48,"Linear","BreakingTies",500,5,0,4,0.2,1,10,0.1,2,0,"Y","Sim_48_Linear_BreakingTies_500_5_0_4_0.2_1_10_0.1_2_0_Y","Results/SimulationRaw/48_Linear_BreakingTies_500_5_0_4_0.2_1_10_0.1_2_0_.RData"
"299",49,"Linear","BreakingTies",500,5,0,4,0.2,1,10,0.1,2,0,"Y","Sim_49_Linear_BreakingTies_500_5_0_4_0.2_1_10_0.1_2_0_Y","Results/SimulationRaw/49_Linear_BreakingTies_500_5_0_4_0.2_1_10_0.1_2_0_.RData"
"300",50,"Linear","BreakingTies",500,5,0,4,0.2,1,10,0.1,2,0,"Y","Sim_50_Linear_BreakingTies_500_5_0_4_0.2_1_10_0.1_2_0_Y","Results/SimulationRaw/50_Linear_BreakingTies_500_5_0_4_0.2_1_10_0.1_2_0_.RData"
